<?xml version="1.0" encoding="utf-8"?>
<extension version="1.6.0" type="plugin" group="system" method="upgrade">
 <!-- 
      CODE GENERATED BY: ALEXEY GORDEYEV IK CODE GENERATOR
      HTTP://WWW.AGJOOMLA.COM/   
  -->  
   <name>System - BIGSHOT Google Analytics</name>
   <version>1.0.0</version>
   <creationDate>29 Jun 2012</creationDate>
   <author>Luiz Felipe Weber</author>
   <authorEmail>suporte@webgenium.com.br</authorEmail>
   <authorUrl>http://webgenium.com.br</authorUrl>
   <copyright>Copyright © 2012 - All rights reserved.</copyright>
   <license>GNU General Public License v2.0</license>
   <description><![CDATA[Este plugin incluir o tracker do Google Analytics]]></description>
	<files>
		<filename plugin="bigshotgoogleanalytics">bigshotgoogleanalytics.php</filename>
	</files>
  <languages folder="language">
    <!-- Any language files included with the module -->
        <language tag="en-GB">en-GB/en-GB.plg_system_bigshotgoogleanalytics.ini</language>
        <language tag="en-GB">en-GB/en-GB.plg_system_bigshotgoogleanalytics.sys.ini</language>
    </languages>
	<config>
		<fields name="params">
			<fieldset name="basic">
     
			</fieldset>
		</fields>
	</config>
</extension>